{
  "accuracy": 0.9210526315789473,
  "f1_macro": 0.9229629629629629,
  "resolved_params": {
    "test_size": 0.25,
    "random_state": 42,
    "max_iter": 1000
  }
}