{
  "accuracy": 0.9210526315789473,
  "f1_macro": 0.9229629629629629
}